month,Mkt-RF,SMB,HML,RMW,CMA,RF
2000-01,-4.74,4.17,-1.1,-6.08,4.48,0.41
2000-02,2.45,18.54,-9.73,-18.93,-1.06,0.43
2000-03,5.21,-15.53,8.48,11.62,-1.2,0.47
2000-04,-6.35,-4.79,6.45,8.06,5.6,0.46
2000-05,-4.39,-3.86,4.58,4.06,1.45,0.5
2000-06,4.68,9.95,-8.03,-8.29,-3.18,0.4
2000-07,-2.48,-0.93,8.1,5.7,2.99,0.48
2000-08,7.03,-0.94,-1.4,-3.06,1.23,0.5
2000-09,-5.44,0.29,7.22,2.71,5.55,0.51
2000-10,-2.78,-2.58,5.64,9.54,3.7,0.56
2000-11,-10.7,-0.34,12.25,13.04,8.34,0.51
2000-12,1.18,3.28,7.54,1.92,4.85,0.5
2001-01,3.25,5.21,-5.06,-5.2,-5.22,0.54
2001-02,-10.03,2.87,12.22,9.11,9.0,0.38
2001-03,-7.25,2.34,6.49,3.35,3.72,0.42
2001-04,7.94,-0.91,-4.67,-3.18,-3.24,0.39
2001-05,0.68,3.56,3.39,0.3,1.98,0.32
2001-06,-1.94,6.66,-1.2,1.56,-1.7,0.28
2001-07,-2.13,-2.86,4.95,7.29,2.9,0.3
2001-08,-6.4,2.54,2.86,3.81,6.53,0.31
2001-09,-9.24,-5.74,1.52,5.03,3.35,0.28
2001-10,2.48,5.34,-7.31,-2.98,-4.36,0.22
2001-11,7.53,-0.36,2.17,-3.49,-1.68,0.17
2001-12,1.61,5.11,0.83,0.26,-0.28,0.15
2002-01,-1.44,1.28,3.42,4.73,2.83,0.14
2002-02,-2.28,-0.38,2.34,8.03,5.1,0.13
2002-03,4.24,4.15,1.08,-1.83,0.66,0.13
2002-04,-5.21,6.63,4.01,4.59,5.35,0.15
2002-05,-1.36,-3.07,1.52,2.31,2.53,0.14
2002-06,-7.23,3.76,0.37,3.92,2.66,0.13
2002-07,-8.19,-6.34,-3.58,3.82,-1.12,0.15
2002-08,0.5,-1.28,2.96,1.37,-1.39,0.14
2002-09,-10.34,3.05,1.27,3.28,-2.3,0.14
2002-10,7.84,-4.29,-3.74,-3.16,0.74,0.14
2002-11,5.96,2.94,-1.23,-9.24,5.17,0.12
2002-12,-5.76,0.55,2.16,6.32,-1.79,0.11
2003-01,-2.57,0.71,-0.84,-0.93,0.7,0.1
2003-02,-1.88,-0.86,-1.42,0.8,-0.68,0.09
2003-03,1.09,0.76,-2.06,1.68,-0.8,0.1
2003-04,8.18,1.14,1.2,-4.68,0.96,0.1
2003-05,6.05,4.78,0.63,-6.95,3.09,0.09
2003-06,1.42,1.65,0.2,0.44,-0.39,0.1
2003-07,2.33,4.41,-1.54,-3.9,1.53,0.07
2003-08,2.33,2.37,1.64,-2.29,2.15,0.07
2003-09,-1.24,0.57,0.14,0.9,0.41,0.08
2003-10,6.08,2.63,2.21,-1.38,1.65,0.07
2003-11,1.35,2.31,1.72,0.21,1.68,0.07
2003-12,4.29,-2.51,1.51,0.57,0.85,0.08
2004-01,2.15,2.46,2.42,-3.6,3.33,0.07
2004-02,1.4,-0.92,0.95,2.13,-1.17,0.06
2004-03,-1.32,2.11,0.23,1.65,-0.98,0.09
2004-04,-1.82,-2.06,-3.23,3.46,-2.83,0.08
2004-05,1.18,-0.4,-0.18,-1.17,0.01,0.06
2004-06,1.86,2.52,1.21,1.12,-0.31,0.08
2004-07,-4.04,-2.91,3.22,5.26,-1.64,0.1
2004-08,0.08,-1.17,1.07,1.24,-1.35,0.11
2004-09,1.6,3.2,-0.05,-1.5,-1.71,0.11
2004-10,1.42,0.16,-0.26,-0.54,0.38,0.11
2004-11,4.53,4.12,1.57,-0.52,-0.19,0.15
2004-12,3.41,-0.05,-0.22,-1.11,0.4,0.16
2005-01,-2.75,-1.14,2.1,2.82,-1.38,0.16
2005-02,1.88,-0.32,1.44,1.36,-0.17,0.16
2005-03,-1.93,-1.41,2.08,0.46,1.34,0.21
2005-04,-2.6,-3.99,0.09,1.03,-0.79,0.21
2005-05,3.65,2.76,-0.61,-1.04,0.26,0.24
2005-06,0.58,3.22,2.86,0.9,-0.45,0.23
2005-07,3.92,2.77,-0.78,-1.19,-0.79,0.24
2005-08,-1.2,-0.94,1.34,-1.96,0.38,0.3
2005-09,0.48,-0.31,0.78,0.26,-0.61,0.29
2005-10,-2.04,-1.5,0.43,-0.7,-1.26,0.27
2005-11,3.61,0.9,-1.19,-0.79,-1.09,0.31
2005-12,-0.24,-0.25,0.15,0.18,0.2,0.32
2006-01,3.03,5.83,0.99,-0.66,-0.35,0.35
2006-02,-0.3,-0.46,-0.31,-0.54,1.98,0.34
2006-03,1.47,3.34,0.61,0.03,-0.44,0.37
2006-04,0.73,-0.79,2.26,1.74,-0.13,0.36
2006-05,-3.56,-2.9,2.38,0.87,1.53,0.43
2006-06,-0.34,-0.24,0.85,1.32,-0.13,0.4
2006-07,-0.77,-3.6,2.62,1.62,0.84,0.4
2006-08,2.03,0.45,-1.95,-1.81,2.1,0.42
2006-09,1.84,-1.39,0.07,0.78,0.46,0.41
2006-10,3.22,1.97,-0.33,-0.12,0.32,0.41
2006-11,1.7,0.62,0.03,0.2,-0.81,0.42
2006-12,0.85,-0.81,2.75,-0.65,1.88,0.4
2007-01,1.38,0.02,-0.68,0.19,0.36,0.44
2007-02,-1.96,1.33,-0.09,-0.52,-0.64,0.38
2007-03,0.71,0.14,-0.89,0.55,-0.67,0.43
2007-04,3.49,-2.08,-1.44,1.18,1.01,0.44
2007-05,3.24,0.33,-0.58,1.47,-1.24,0.41
2007-06,-1.96,0.7,-1.04,0.49,0.06,0.4
2007-07,-3.72,-3.07,-3.71,0.27,-1.16,0.4
2007-08,0.94,-0.34,-1.89,-1.26,-0.57,0.42
2007-09,3.22,-2.45,-2.13,-0.49,-2.95,0.32
2007-10,1.79,-0.05,-2.82,-0.32,0.06,0.32
2007-11,-4.8,-2.91,-1.09,1.76,-0.36,0.34
2007-12,-0.87,0.19,-0.48,0.89,-1.07,0.27
2008-01,-6.32,-0.59,4.02,2.1,2.07,0.21
2008-02,-3.09,-0.62,-0.71,1.07,-0.98,0.13
2008-03,-0.94,0.64,0.34,0.87,0.47,0.17
2008-04,4.61,-1.2,-0.99,1.84,-2.57,0.18
2008-05,1.87,3.01,-1.57,0.94,0.14,0.18
2008-06,-8.43,1.16,-2.49,4.97,-0.69,0.17
2008-07,-0.75,3.73,5.21,-1.4,0.99,0.15
2008-08,1.53,3.27,1.51,1.82,0.67,0.13
2008-09,-9.35,0.37,5.65,2.23,1.72,0.15
2008-10,-17.2,-3.04,-1.92,2.73,1.46,0.08
2008-11,-7.74,-3.97,-6.21,4.65,2.44,0.03
2008-12,1.77,3.3,0.02,0.11,-1.56,0.0
2009-01,-8.09,-2.12,-11.01,0.32,-1.24,0.0
2009-02,-10.14,-1.17,-6.59,1.05,-0.6,0.01
2009-03,9.01,0.61,3.47,-2.57,-2.04,0.02
2009-04,10.17,7.08,5.37,1.32,0.33,0.01
2009-05,5.2,-2.27,0.43,-0.94,-2.0,0.0
2009-06,0.42,2.28,-2.78,-1.39,-0.36,0.01
2009-07,7.74,2.3,4.89,-0.26,3.08,0.01
2009-08,3.33,-0.1,7.6,-2.85,3.28,0.01
2009-09,4.08,2.72,1.15,1.15,0.34,0.01
2009-10,-2.55,-4.85,-4.17,4.22,-1.48,0.0
2009-11,5.58,-2.76,-0.33,0.9,0.0,0.0
2009-12,2.74,6.14,-0.11,0.71,-0.06,0.01
2010-01,-3.35,0.4,0.33,-1.08,0.5,0.0
2010-02,3.39,1.49,3.18,-0.29,1.42,0.0
2010-03,6.3,1.83,2.19,-0.61,1.74,0.01
2010-04,2.0,4.96,2.96,0.61,1.74,0.01
2010-05,-7.9,0.08,-2.48,1.3,-0.23,0.01
2010-06,-5.57,-2.42,-4.73,-0.1,-1.58,0.01
2010-07,6.92,0.04,-0.49,0.16,2.04,0.01
2010-08,-4.77,-3.06,-1.73,0.6,-1.6,0.01
2010-09,9.55,3.65,-3.02,-0.19,0.38,0.01
2010-10,3.87,0.73,-2.46,1.28,-0.38,0.01
2010-11,0.59,3.54,-0.9,0.32,1.79,0.01
2010-12,6.82,0.97,3.56,-3.42,3.17,0.01
2011-01,1.98,-2.31,0.61,-0.64,0.81,0.01
2011-02,3.48,1.65,1.18,-1.83,0.84,0.01
2011-03,0.46,2.56,-1.84,1.73,-0.07,0.01
2011-04,2.9,-0.53,-2.44,1.12,-0.86,0.0
2011-05,-1.27,-0.72,-1.85,1.92,-1.43,0.0
2011-06,-1.74,0.06,-0.2,2.27,-1.42,0.0
2011-07,-2.35,-1.11,-0.9,2.69,-1.73,0.0
2011-08,-5.96,-3.09,-2.43,3.41,-0.27,0.01
2011-09,-7.57,-3.49,-1.53,1.99,0.15,0.0
2011-10,11.34,3.25,0.06,-2.25,-0.72,0.0
2011-11,-0.27,-0.3,-0.52,1.94,1.44,0.0
2011-12,0.75,-0.29,1.54,1.06,2.47,0.0
2012-01,5.05,2.02,-0.93,-2.06,-1.48,0.0
2012-02,4.4,-1.67,0.42,-0.36,-0.07,0.0
2012-03,3.11,-0.48,1.19,-0.61,0.69,0.0
2012-04,-0.84,-0.5,-0.77,1.3,0.65,0.0
2012-05,-6.17,-0.08,-0.95,2.03,2.35,0.01
2012-06,3.9,0.9,0.55,-1.06,0.44,0.0
2012-07,0.79,-2.81,-0.06,1.03,0.01,0.0
2012-08,2.54,0.43,1.25,-1.5,-0.85,0.01
2012-09,2.73,0.57,1.63,-1.3,1.57,0.01
2012-10,-1.76,-0.83,3.52,-1.4,2.52,0.01
2012-11,0.78,0.4,-0.87,0.38,0.81,0.01
2012-12,1.18,1.91,3.52,-1.72,0.8,0.01
2013-01,5.57,0.42,1.01,-2.01,1.52,0.0
2013-02,1.29,-0.24,0.18,-0.59,0.6,0.0
2013-03,4.03,0.88,-0.21,0.27,1.41,0.0
2013-04,1.56,-2.25,0.46,0.39,0.42,0.0
2013-05,2.81,2.03,2.71,-2.0,-0.94,0.0
2013-06,-1.2,1.54,-0.04,-0.28,-0.06,0.0
2013-07,5.65,1.76,0.57,-1.34,0.58,0.0
2013-08,-2.71,-0.03,-2.73,0.71,-2.17,0.0
2013-09,3.77,2.65,-1.18,-0.54,-1.32,0.0
2013-10,4.17,-1.5,1.22,2.75,0.89,0.0
2013-11,3.12,1.44,0.19,0.26,0.06,0.0
2013-12,2.8,-0.44,0.0,-0.58,0.08,0.0
2014-01,-3.3,0.6,-1.99,-3.91,-1.54,0.0
2014-02,4.68,0.13,-0.35,-0.25,-0.54,0.0
2014-03,0.41,-1.13,4.9,2.02,1.92,0.0
2014-04,-0.19,-4.07,1.22,3.4,0.93,0.0
2014-05,2.04,-1.86,-0.1,-0.09,-0.96,0.0
2014-06,2.61,3.06,-0.71,-1.83,-1.91,0.0
2014-07,-2.03,-4.19,-0.08,0.94,0.51,0.0
2014-08,4.24,0.29,-0.58,-0.64,-0.69,0.0
2014-09,-1.96,-3.66,-1.47,1.2,-0.59,0.0
2014-10,2.51,3.63,-1.67,-0.39,0.21,0.0
2014-11,2.56,-2.3,-3.13,1.57,0.14,0.0
2014-12,-0.05,2.83,2.11,-1.21,0.9,0.0
2015-01,-3.09,-0.95,-3.48,1.58,-1.64,0.0
2015-02,6.14,0.39,-1.75,-1.1,-1.75,0.0
2015-03,-1.09,3.08,-0.38,0.07,-0.62,0.0
2015-04,0.6,-3.0,1.81,0.05,-0.62,0.0
2015-05,1.38,0.83,-1.1,-1.75,-0.83,0.0
2015-06,-1.54,2.92,-0.8,0.35,-1.54,0.0
2015-07,1.57,-4.58,-4.16,0.31,-2.45,0.0
2015-08,-6.02,0.29,2.75,0.66,1.28,0.0
2015-09,-3.06,-2.8,0.55,1.8,-0.58,0.0
2015-10,7.75,-2.06,-0.46,0.95,0.62,0.0
2015-11,0.57,3.29,-0.43,-2.65,-1.1,0.0
2015-12,-2.15,-2.95,-2.57,0.34,0.13,0.01
2016-01,-5.74,-3.44,2.08,2.78,3.05,0.01
2016-02,-0.07,0.87,-0.61,3.3,1.97,0.02
2016-03,6.95,1.01,1.23,0.68,0.06,0.02
2016-04,0.91,1.23,3.22,-2.85,1.74,0.01
2016-05,1.78,-0.62,-1.62,-1.1,-2.54,0.01
2016-06,-0.03,0.42,-1.49,1.45,1.9,0.02
2016-07,3.94,2.49,-1.27,1.34,-1.18,0.02
2016-08,0.49,1.68,3.17,-1.84,-0.39,0.02
2016-09,0.27,1.81,-1.22,-2.22,0.02,0.02
2016-10,-2.01,-4.04,4.1,0.96,0.28,0.02
2016-11,4.85,6.97,8.32,-0.17,3.7,0.01
2016-12,1.81,0.44,3.5,1.26,-0.32,0.03
2017-01,1.94,-1.44,-2.74,-0.5,-1.07,0.04
2017-02,3.55,-2.29,-1.52,0.42,-1.81,0.04
2017-03,0.17,0.75,-3.33,0.64,-0.96,0.03
2017-04,1.08,0.42,-2.08,1.78,-1.61,0.05
2017-05,1.07,-2.99,-3.82,0.99,-1.67,0.06
2017-06,0.78,2.54,1.51,-2.27,0.01,0.06
2017-07,1.88,-1.64,-0.23,-0.75,-0.15,0.07
2017-08,0.18,-1.83,-2.13,0.2,-2.38,0.09
2017-09,2.49,4.76,3.15,-1.54,1.64,0.09
2017-10,2.25,-1.91,0.13,0.92,-3.14,0.09
2017-11,3.12,-0.37,-0.09,3.19,-0.1,0.08
2017-12,1.06,-1.05,0.05,0.73,1.79,0.09
2018-01,5.58,-3.21,-1.32,-0.75,-1.05,0.11
2018-02,-3.64,0.34,-1.1,0.53,-2.36,0.11
2018-03,-2.35,3.61,-0.21,-0.42,0.08,0.12
2018-04,0.29,0.89,0.53,-2.41,1.24,0.14
2018-05,2.63,4.71,-3.14,-1.98,-1.49,0.14
2018-06,0.49,0.77,-2.33,0.83,0.2,0.14
2018-07,3.2,-1.91,0.47,1.54,0.32,0.16
2018-08,3.46,0.67,-3.93,-0.34,-2.54,0.16
2018-09,0.06,-2.49,-1.68,0.64,1.37,0.15
2018-10,-7.64,-4.36,3.43,0.94,3.56,0.19
2018-11,1.71,-0.81,0.34,-0.62,0.39,0.18
2018-12,-9.55,-2.83,-1.88,-0.04,0.22,0.19
2019-01,8.36,2.88,-0.4,-0.67,-1.61,0.21
2019-02,3.42,1.73,-2.66,0.15,-1.5,0.18
2019-03,1.1,-3.54,-4.16,0.94,-0.91,0.19
2019-04,3.97,-1.11,2.13,1.57,-2.19,0.21
2019-05,-6.92,-1.51,-2.36,-0.51,1.75,0.21
2019-06,6.99,0.19,-0.72,0.49,-0.51,0.18
2019-07,1.22,-1.82,0.5,-0.13,0.37,0.19
2019-08,-2.55,-3.25,-4.77,0.53,-0.62,0.16
2019-09,1.42,0.29,6.76,1.82,3.38,0.18
2019-10,2.07,0.25,-1.92,0.43,-1.03,0.15
2019-11,3.87,0.39,-2.0,-1.64,-1.14,0.12
2019-12,2.76,0.99,1.73,0.05,1.19,0.14
2020-01,-0.09,-4.37,-6.22,-1.19,-2.19,0.13
2020-02,-8.15,0.08,-3.82,-1.43,-2.53,0.12
2020-03,-13.35,-8.18,-13.83,-1.61,1.19,0.12
2020-04,13.58,2.57,-1.34,2.76,-1.02,0.0
2020-05,5.59,1.92,-5.0,0.96,-3.16,0.01
2020-06,2.44,1.95,-2.17,0.14,0.55,0.01
2020-07,5.83,-3.19,-1.44,0.38,0.97,0.01
2020-08,7.62,-0.89,-3.02,4.27,-1.51,0.01
2020-09,-3.64,-0.01,-2.72,-1.38,-1.93,0.01
2020-10,-2.08,4.67,4.25,-0.77,-0.57,0.01
2020-11,12.44,7.12,2.09,-2.25,1.28,0.01
2020-12,4.63,4.93,-1.68,-1.97,-0.06,0.01
2021-01,-0.07,6.81,3.22,-3.65,4.97,0.0
2021-02,2.81,4.5,7.2,0.33,-1.99,0.0
2021-03,3.16,-0.84,7.35,6.35,3.52,0.0
2021-04,4.97,-3.16,-1.02,2.43,-2.72,0.0
2021-05,0.29,1.27,7.04,2.34,3.01,0.0
2021-06,2.73,-0.3,-7.86,-2.14,-0.93,0.0
2021-07,1.34,-4.55,-1.8,5.5,-0.58,0.0
2021-08,2.95,-0.66,-0.23,-0.26,-1.72,0.0
2021-09,-4.4,1.12,5.12,-1.92,2.0,0.0
2021-10,6.63,-2.7,-0.53,1.71,-1.54,0.0
2021-11,-1.58,-1.7,-0.37,7.19,1.7,0.0
2021-12,3.24,-0.78,3.25,4.88,4.29,0.01
2022-01,-6.15,-4.01,12.86,0.77,7.73,0.0
2022-02,-2.28,2.86,3.06,-2.03,3.03,0.0
2022-03,3.08,-2.11,-1.9,-1.5,3.21,0.0
2022-04,-9.41,-0.35,6.18,3.41,5.92,0.0
2022-05,-0.33,-0.03,8.44,1.55,3.95,0.03
2022-06,-8.4,1.33,-6.0,1.76,-4.58,0.06
2022-07,9.57,1.81,-4.13,0.8,-6.85,0.08
2022-08,-3.77,1.49,0.18,-4.74,1.34,0.19
2022-09,-9.34,-0.98,0.03,-1.34,-0.76,0.19
2022-10,7.86,1.82,7.97,3.28,6.42,0.23
2022-11,4.69,-2.75,1.48,6.29,3.16,0.29
2022-12,-6.38,-0.2,1.34,0.35,4.29,0.33
2023-01,6.6,4.4,-3.94,-2.44,-4.41,0.35
2023-02,-2.57,0.58,-0.8,0.99,-1.5,0.34
2023-03,2.49,-6.89,-9.05,2.27,-2.1,0.36
2023-04,0.63,-2.57,-0.12,2.41,2.85,0.35
2023-05,0.33,-0.43,-7.79,-1.78,-7.06,0.36
2023-06,6.46,1.27,-0.13,2.31,-1.55,0.4
2023-07,3.21,2.88,4.06,-0.61,0.5,0.45
2023-08,-2.36,-3.66,-1.15,3.33,-2.22,0.45
2023-09,-5.23,-1.76,1.5,1.86,-0.86,0.43
2023-10,-3.15,-4.03,0.22,2.42,-0.72,0.47
2023-11,8.88,-0.18,1.66,-3.72,-1.22,0.44
2023-12,4.85,7.25,4.87,-2.96,1.19,0.43
2024-01,0.73,-5.69,-2.37,0.66,-1.01,0.47
2024-02,5.07,-0.83,-3.43,-2.02,-2.28,0.42
2024-03,2.84,-1.2,4.16,1.33,1.04,0.43
2024-04,-4.65,-2.58,-0.45,1.16,-0.38,0.47
2024-05,4.32,0.58,-1.33,3.2,-2.98,0.44
2024-06,2.8,-4.33,-3.36,0.55,-1.69,0.41
2024-07,1.22,8.33,5.57,0.26,0.27,0.45
2024-08,1.61,-3.57,-1.13,0.75,0.79,0.48
2024-09,1.73,-0.91,-2.73,0.19,-0.25,0.4
2024-10,-1.0,-0.86,0.91,-1.49,1.02,0.39
2024-11,6.49,4.63,0.38,-2.27,-1.93,0.4
2024-12,-3.16,-3.82,-2.97,1.88,-1.2,0.37
2025-01,2.8,-1.23,1.76,-2.35,-3.22,0.37
2025-02,-2.43,-4.88,4.84,1.07,3.09,0.33
2025-03,-6.39,-1.47,2.87,2.09,-0.46,0.34
2025-04,-0.84,-1.83,-3.29,-2.83,-2.59,0.35
2025-05,6.06,-0.77,-2.81,1.29,2.48,0.38
2025-06,4.86,-0.08,-1.43,-3.19,1.38,0.34
2025-07,1.98,-0.12,-1.34,-0.25,-2.0,0.34
2025-08,1.84,4.82,4.37,-0.69,1.97,0.38
2025-09,3.39,-2.17,-1.05,-2.01,-2.27,0.33
2025-10,1.96,-1.35,-3.18,-5.25,-4.07,0.37
2025-11,-0.13,1.48,3.76,1.43,0.64,0.3
2025-12,-0.36,-0.2,2.4,0.32,0.4,0.34
